{"cameraMode":{"drawMode":0,"name":"Shaded","section":"Shading Mode"},"sceneLighting":true,"audioPlay":false,"sceneViewState":{"showFog":true,"showMaterialUpdate":true,"showSkybox":true,"showFlares":true,"showImageEffects":true,"showParticleSystems":true},"in2DMode":false,"pivot":{"x":0.011527061462402344,"y":1.351217269897461,"z":3.317427158355713},"rotation":{"x":-0.11374616622924805,"y":0.5326976776123047,"z":-0.07252087444067002,"w":-0.8354923129081726},"size":10.250146865844727,"orthographic":false}