{"cameraMode":{"drawMode":0,"name":"Shaded","section":"Shading Mode"},"sceneLighting":true,"audioPlay":false,"sceneViewState":{"showFog":true,"showMaterialUpdate":true,"showSkybox":true,"showFlares":true,"showImageEffects":true,"showParticleSystems":true},"in2DMode":false,"pivot":{"x":0.011527061462402344,"y":1.351217269897461,"z":3.317427158355713},"rotation":{"x":-0.1118147000670433,"y":0.7691618800163269,"z":-0.14020945131778718,"w":-0.6133856177330017},"size":9.944657325744629,"orthographic":false}