{"cameraMode":{"drawMode":0,"name":"Shaded","section":"Shading Mode"},"sceneLighting":true,"audioPlay":false,"sceneViewState":{"showFog":true,"showMaterialUpdate":true,"showSkybox":true,"showFlares":true,"showImageEffects":true,"showParticleSystems":true},"in2DMode":false,"pivot":{"x":0.011527061462402344,"y":1.351217269897461,"z":3.317427158355713},"rotation":{"x":-0.106251560151577,"y":0.8560739755630493,"z":-0.19486156105995179,"w":-0.46678483486175539},"size":10.250146865844727,"orthographic":false}