{"cameraMode":{"drawMode":0,"name":"Shaded","section":"Shading Mode"},"sceneLighting":true,"audioPlay":false,"sceneViewState":{"showFog":true,"showMaterialUpdate":true,"showSkybox":true,"showFlares":true,"showImageEffects":true,"showParticleSystems":true},"in2DMode":false,"pivot":{"x":0.5906124114990234,"y":0.15922999382019044,"z":2.5940937995910646},"rotation":{"x":-0.10485075414180756,"y":0.856654703617096,"z":-0.1922924667596817,"w":-0.46710148453712466},"size":14.092142105102539,"orthographic":false}