{"cameraMode":{"drawMode":0,"name":"Shaded","section":"Shading Mode"},"sceneLighting":true,"audioPlay":false,"sceneViewState":{"showFog":true,"showMaterialUpdate":true,"showSkybox":true,"showFlares":true,"showImageEffects":true,"showParticleSystems":true},"in2DMode":false,"pivot":{"x":0.5906124114990234,"y":0.15922999382019044,"z":2.5940937995910646},"rotation":{"x":-0.04559968039393425,"y":0.9367145895957947,"z":-0.13325420022010804,"w":-0.32053256034851076},"size":1.9812703132629395,"orthographic":false}